Item Name,Price,Description,Location,Full
phone,VIP,"ETB 42,000
Apple iPhone 12 64 GB White
Iphone 12 64gb Btry 87 Price 42000 094*********
Used","Addis Ababa, Bole","This item with name phone with description 'ETB 42,000 Apple iPhone 12 64 GB White Iphone 12 64gb Btry 87 Price 42000 094********* Used' has a price of VIP and is located at Addis Ababa, Bole."
phone,VIP,"ETB 255,000
New Apple iPhone 16 Pro Max 1 TB Gray
New arrival brand new iphone 16 pro max from USA IPHONE 16 pro max 2024 Storage 1000GB...
Brand New","Addis Ababa, Bole","This item with name phone with description 'ETB 255,000 New Apple iPhone 16 Pro Max 1 TB Gray New arrival brand new iphone 16 pro max from USA IPHONE 16 pro max 2024 Storage 1000GB... Brand New' has a price of VIP and is located at Addis Ababa, Bole."
phone,"ETB 48,500","Apple iPhone 12 128 GB
IPhone 12 128 GB Battery 89% Call
Used","Addis Ababa, Bole","This item with name phone with description 'Apple iPhone 12 128 GB IPhone 12 128 GB Battery 89% Call Used' has a price of ETB 48,500 and is located at Addis Ababa, Bole."
phone,"ETB 79,000","Apple iPhone 13 Pro Max 128 GB Blue
Iphone 13pro Max 128gb bolecall
Used","Addis Ababa, Bole","This item with name phone with description 'Apple iPhone 13 Pro Max 128 GB Blue Iphone 13pro Max 128gb bolecall Used' has a price of ETB 79,000 and is located at Addis Ababa, Bole."
phone,"ETB 74,999","New Apple iPhone 14 256 GB Black
IPhone 14 256G Black Color Brand New Battery Health 100% Fully Warranty
Brand New","Addis Ababa, Bole","This item with name phone with description 'New Apple iPhone 14 256 GB Black IPhone 14 256G Black Color Brand New Battery Health 100% Fully Warranty Brand New' has a price of ETB 74,999 and is located at Addis Ababa, Bole."
phone,"ETB 21,000","Apple iPhone SE 128 GB White
ስልክ እንገዛለን ፤ ስልክ እንሸጣለን ፤ ስልክ እንቀይራለን! IPhone SE Battery 100% Storage 128GB Ram 8Gb Color...
Used","Addis Ababa, Bole","This item with name phone with description 'Apple iPhone SE 128 GB White ስልክ እንገዛለን ፤ ስልክ እንሸጣለን ፤ ስልክ እንቀይራለን! IPhone SE Battery 100% Storage 128GB Ram 8Gb Color... Used' has a price of ETB 21,000 and is located at Addis Ababa, Bole."
phone,"ETB 56,000","Apple iPhone 13 128 GB Blue
IPhone 13 128GB Storage Blue Color American Version 87% Battery Health Excellent Condition
Used","Addis Ababa, Bole","This item with name phone with description 'Apple iPhone 13 128 GB Blue IPhone 13 128GB Storage Blue Color American Version 87% Battery Health Excellent Condition Used' has a price of ETB 56,000 and is located at Addis Ababa, Bole."
phone,"ETB 90,000","Apple iPhone 14 Pro Max 128 GB Blue
Used iPhone 14 pro max in mint condition. 89% battery health Buy from a trusted person.
Used","Addis Ababa, Lideta","This item with name phone with description 'Apple iPhone 14 Pro Max 128 GB Blue Used iPhone 14 pro max in mint condition. 89% battery health Buy from a trusted person. Used' has a price of ETB 90,000 and is located at Addis Ababa, Lideta."
phone,"ETB 42,000","New Apple iPhone 11 Pro 64 GB Black
ስልክ እንገዛለን ፤ ስልክ እንሸጣለን ፤ ስልክ እንቀይራለን! (NAHU ሞባይል098********* IPhone 11 Pro Battery...
Brand New","Addis Ababa, Bole","This item with name phone with description 'New Apple iPhone 11 Pro 64 GB Black ስልክ እንገዛለን ፤ ስልክ እንሸጣለን ፤ ስልክ እንቀይራለን! (NAHU ሞባይል098********* IPhone 11 Pro Battery... Brand New' has a price of ETB 42,000 and is located at Addis Ababa, Bole."
phone,"ETB 45,000","Apple iPhone 12 64 GB Black
IPhone 12 Storage 64gb Btry 86
Used
5.1-6 inches","Addis Ababa, Bole","This item with name phone with description 'Apple iPhone 12 64 GB Black IPhone 12 Storage 64gb Btry 86 Used 5.1-6 inches' has a price of ETB 45,000 and is located at Addis Ababa, Bole."
phone,"ETB 20,999","Apple iPhone X 256 GB White
Iphone x storage:-256gb battery:-93% true tone available face id available clean as new one year...
Used","Addis Ababa, Bole","This item with name phone with description 'Apple iPhone X 256 GB White Iphone x storage:-256gb battery:-93% true tone available face id available clean as new one year... Used' has a price of ETB 20,999 and is located at Addis Ababa, Bole."
phone,"ETB 88,000","New Apple iPhone 14 Plus 256 GB Purple
ሄኖክ ሞባይል . + . FULLY GUARANTEED IPHONE 14 PLUS 256GB -Slightly Used New Condition -100%...
Brand New","Addis Ababa, Bole","This item with name phone with description 'New Apple iPhone 14 Plus 256 GB Purple ሄኖክ ሞባይል . + . FULLY GUARANTEED IPHONE 14 PLUS 256GB -Slightly Used New Condition -100%... Brand New' has a price of ETB 88,000 and is located at Addis Ababa, Bole."
phone,"ETB 68,999","New Apple iPhone 13 Pro 128 GB Black
IPhone 13Pro 128Gb New Condition Battery health 90% Fully Warranty
Brand New","Addis Ababa, Bole","This item with name phone with description 'New Apple iPhone 13 Pro 128 GB Black IPhone 13Pro 128Gb New Condition Battery health 90% Fully Warranty Brand New' has a price of ETB 68,999 and is located at Addis Ababa, Bole."
phone,"ETB 219,999","New Apple iPhone 16 Pro Max 256 GB Gold
All The New iPhone 16Pro Max 256Gb Brand New Sealed Single SIM Card/ eSIM Card Full Accessories
Brand New","Addis Ababa, Bole","This item with name phone with description 'New Apple iPhone 16 Pro Max 256 GB Gold All The New iPhone 16Pro Max 256Gb Brand New Sealed Single SIM Card/ eSIM Card Full Accessories Brand New' has a price of ETB 219,999 and is located at Addis Ababa, Bole."
phone,"ETB 68,000","Apple iPhone 13 Pro 128 GB Blue
Iphone 13pro Storaye 128gb Btry 92 BoleCall
Used","Addis Ababa, Bole","This item with name phone with description 'Apple iPhone 13 Pro 128 GB Blue Iphone 13pro Storaye 128gb Btry 92 BoleCall Used' has a price of ETB 68,000 and is located at Addis Ababa, Bole."
phone,"ETB 49,999","Apple iPhone 13 128 GB Blue
iPhone 13 128G Blue Color Turbo SIM card New Condition Battery health 90% Fully Warranty...
Used
5.1-6 inches","Addis Ababa, Bole","This item with name phone with description 'Apple iPhone 13 128 GB Blue iPhone 13 128G Blue Color Turbo SIM card New Condition Battery health 90% Fully Warranty... Used 5.1-6 inches' has a price of ETB 49,999 and is located at Addis Ababa, Bole."
phone,"ETB 82,999","New Apple iPhone 13 Pro 256 GB Gray
IPhone 13Pro 256G Dual SIM Card Graphite Color Brand New with Box Battery Health 100% Fully...
Brand New","Addis Ababa, Bole","This item with name phone with description 'New Apple iPhone 13 Pro 256 GB Gray IPhone 13Pro 256G Dual SIM Card Graphite Color Brand New with Box Battery Health 100% Fully... Brand New' has a price of ETB 82,999 and is located at Addis Ababa, Bole."
phone,"ETB 17,000","Apple iPhone X 256 GB White
Israel electronics Quality iPhone with one year warranty IPhone X Storage ~256GB Battery~90% True...
Used","Addis Ababa, Bole","This item with name phone with description 'Apple iPhone X 256 GB White Israel electronics Quality iPhone with one year warranty IPhone X Storage ~256GB Battery~90% True... Used' has a price of ETB 17,000 and is located at Addis Ababa, Bole."
phone,"ETB 23,000","Apple iPhone XR 64 GB Orange
ሄኖክ ሞባይል . + . FULLY GUARANTEED IPHONE Xr 64GB 93% -Slightly Used New Condition -100%...
Used","Addis Ababa, Bole","This item with name phone with description 'Apple iPhone XR 64 GB Orange ሄኖክ ሞባይል . + . FULLY GUARANTEED IPHONE Xr 64GB 93% -Slightly Used New Condition -100%... Used' has a price of ETB 23,000 and is located at Addis Ababa, Bole."
phone,"ETB 108,000","New Apple iPhone 13 Pro Max 128 GB Blue
New Iphone 13pro Max Storage 128gb Fish Electronics on Telegram
Brand New
6.1 > inches","Addis Ababa, Bole","This item with name phone with description 'New Apple iPhone 13 Pro Max 128 GB Blue New Iphone 13pro Max Storage 128gb Fish Electronics on Telegram Brand New 6.1 > inches' has a price of ETB 108,000 and is located at Addis Ababa, Bole."
phone,"ETB 71,000","Apple iPhone 13 Pro 128 GB Blue
iPhone 13 pro 128gb storage 87% battery Call093*********
Used","Addis Ababa, Bole","This item with name phone with description 'Apple iPhone 13 Pro 128 GB Blue iPhone 13 pro 128gb storage 87% battery Call093********* Used' has a price of ETB 71,000 and is located at Addis Ababa, Bole."
phone,"ETB 44,000","Apple iPhone 12 64 GB Red
ስልክ እንገዛለን ፤ ስልክ እንሸጣለን ፤ ስልክ እንቀይራለን! (NAHU ሞባይል098********* IPhone 12 Battery 95% Storage ...
Used","Addis Ababa, Bole","This item with name phone with description 'Apple iPhone 12 64 GB Red ስልክ እንገዛለን ፤ ስልክ እንሸጣለን ፤ ስልክ እንቀይራለን! (NAHU ሞባይል098********* IPhone 12 Battery 95% Storage ... Used' has a price of ETB 44,000 and is located at Addis Ababa, Bole."
phone,"ETB 87,000","Apple iPhone 13 Pro 256 GB Blue
Iphone 13pro Storage 256gb Dual sim Out of box Price 87000 BoleCall/ join
Used","Addis Ababa, Bole","This item with name phone with description 'Apple iPhone 13 Pro 256 GB Blue Iphone 13pro Storage 256gb Dual sim Out of box Price 87000 BoleCall/ join Used' has a price of ETB 87,000 and is located at Addis Ababa, Bole."
phone,"ETB 39,000","New OnePlus 9RT 5G 256 GB Black
OnePlus 9RT 5G Storage 256 GB Ram 12 GB Price 41000 Birr Display AMOLED, 120Hz, HDR10+ Chipset...
Brand New","Addis Ababa, Bole","This item with name phone with description 'New OnePlus 9RT 5G 256 GB Black OnePlus 9RT 5G Storage 256 GB Ram 12 GB Price 41000 Birr Display AMOLED, 120Hz, HDR10+ Chipset... Brand New' has a price of ETB 39,000 and is located at Addis Ababa, Bole."
phone,"ETB 225,000","New Apple iPhone 16 Pro Max 256 GB
I'm selling two iPhone 16 Pro Max 256GB in Natural Titanium and Desert Titanium. I'm also include a...
Bulk prices
Brand New","Addis Ababa, Lideta","This item with name phone with description 'New Apple iPhone 16 Pro Max 256 GB I'm selling two iPhone 16 Pro Max 256GB in Natural Titanium and Desert Titanium. I'm also include a... Bulk prices Brand New' has a price of ETB 225,000 and is located at Addis Ababa, Lideta."
phone,"ETB 82,999","New Apple iPhone 13 Pro 256 GB Gray
IPhone 13Pro 256G Dual SIM Card Graphite Color Brand New with Box Battery Health 100% Fully...
Brand New","Addis Ababa, Bole","This item with name phone with description 'New Apple iPhone 13 Pro 256 GB Gray IPhone 13Pro 256G Dual SIM Card Graphite Color Brand New with Box Battery Health 100% Fully... Brand New' has a price of ETB 82,999 and is located at Addis Ababa, Bole."
phone,"ETB 64,999","Apple iPhone 13 256 GB Pink
-iPhone 13 256Gb battery health 89% Fully Warranty
Used","Addis Ababa, Bole","This item with name phone with description 'Apple iPhone 13 256 GB Pink -iPhone 13 256Gb battery health 89% Fully Warranty Used' has a price of ETB 64,999 and is located at Addis Ababa, Bole."
phone,"ETB 67,000","Apple iPhone 14 256 GB Blue
Excellent condition with 100% battery health and cartoon.
Used","Addis Ababa, Bole","This item with name phone with description 'Apple iPhone 14 256 GB Blue Excellent condition with 100% battery health and cartoon. Used' has a price of ETB 67,000 and is located at Addis Ababa, Bole."
phone,"ETB 95,999","Apple iPhone 14 Pro 128 GB White
IPhone14pro (on new condition) for more 128Gb Color White battery 100% fully granted exchange...
Used","Addis Ababa, Bole","This item with name phone with description 'Apple iPhone 14 Pro 128 GB White IPhone14pro (on new condition) for more 128Gb Color White battery 100% fully granted exchange... Used' has a price of ETB 95,999 and is located at Addis Ababa, Bole."
phone,"ETB 40,000","New Apple iPhone 12 64 GB White
ስልክ እንገዛለን ፤ ስልክ እንሸጣለን ፤ ስልክ እንቀይራለን! (NAHU ሞባይል098********* IPhone 12 Battery above 93%......
Brand New","Addis Ababa, Bole","This item with name phone with description 'New Apple iPhone 12 64 GB White ስልክ እንገዛለን ፤ ስልክ እንሸጣለን ፤ ስልክ እንቀይራለን! (NAHU ሞባይል098********* IPhone 12 Battery above 93%...... Brand New' has a price of ETB 40,000 and is located at Addis Ababa, Bole."
phone,"ETB 78,000","Apple iPhone 13 Pro 256 GB Black
ሄኖክ ሞባይል . + . FULLY GUARANTEED IPHONE 13 PRO 256GB 94% -Slightly Used New Condition -100%...
Used","Addis Ababa, Bole","This item with name phone with description 'Apple iPhone 13 Pro 256 GB Black ሄኖክ ሞባይል . + . FULLY GUARANTEED IPHONE 13 PRO 256GB 94% -Slightly Used New Condition -100%... Used' has a price of ETB 78,000 and is located at Addis Ababa, Bole."
phone,"ETB 42,000","Apple iPhone 11 Pro Max 64 GB Black
Selling iPhone 11 Pro Max with 3 cases and two screen protectors 90% battery health
Used","Addis Ababa, Lideta","This item with name phone with description 'Apple iPhone 11 Pro Max 64 GB Black Selling iPhone 11 Pro Max with 3 cases and two screen protectors 90% battery health Used' has a price of ETB 42,000 and is located at Addis Ababa, Lideta."
phone,"ETB 69,000","Apple iPhone 12 Pro Max 128 GB Blue
Abel Mobile091********* / IPHONE -100% ORIGINAL -Battery Health 85% -128GB Storage -1 Year Full...
Used
6.1 > inches","Addis Ababa, Bole","This item with name phone with description 'Apple iPhone 12 Pro Max 128 GB Blue Abel Mobile091********* / IPHONE -100% ORIGINAL -Battery Health 85% -128GB Storage -1 Year Full... Used 6.1 > inches' has a price of ETB 69,000 and is located at Addis Ababa, Bole."
phone,"ETB 23,999","Apple iPhone XR 64 GB Black
-iPhone Xr 64Gb Battery health 82% Fully warranty
Used","Addis Ababa, Bole","This item with name phone with description 'Apple iPhone XR 64 GB Black -iPhone Xr 64Gb Battery health 82% Fully warranty Used' has a price of ETB 23,999 and is located at Addis Ababa, Bole."
phone,VIP,"ETB 125,000
New Apple iPhone 15 Pro 256 GB Silver
Brand New Iphone 15pro Storage 256gb Single sim+ Esim
Brand New","Addis Ababa, Bole","This item with name phone with description 'ETB 125,000 New Apple iPhone 15 Pro 256 GB Silver Brand New Iphone 15pro Storage 256gb Single sim+ Esim Brand New' has a price of VIP and is located at Addis Ababa, Bole."
phone,"ETB 81,000","New Apple iPhone 13 Pro Max 256 GB Purple
IPhone 13 pro max - Storage - 256gb - Battery - 85 - price-81,000ETB Call on098*********
Brand New","Addis Ababa, Bole","This item with name phone with description 'New Apple iPhone 13 Pro Max 256 GB Purple IPhone 13 pro max - Storage - 256gb - Battery - 85 - price-81,000ETB Call on098********* Brand New' has a price of ETB 81,000 and is located at Addis Ababa, Bole."
phone,"ETB 88,000","New Apple iPhone 14 128 GB Black
.iphone 14 storage~128gb battery health 100% new icloud free price: 88,000 exchange available call...
Brand New
5.1-6 inches","Addis Ababa, Bole","This item with name phone with description 'New Apple iPhone 14 128 GB Black .iphone 14 storage~128gb battery health 100% new icloud free price: 88,000 exchange available call... Brand New 5.1-6 inches' has a price of ETB 88,000 and is located at Addis Ababa, Bole."
phone,"ETB 58,000","Apple iPhone 12 Pro 256 GB Blue
Iphone 12pro Storage 256gb Dual sim
Used","Addis Ababa, Bole","This item with name phone with description 'Apple iPhone 12 Pro 256 GB Blue Iphone 12pro Storage 256gb Dual sim Used' has a price of ETB 58,000 and is located at Addis Ababa, Bole."
phone,"ETB 42,500","Apple iPhone 12 64 GB Black
Abel Mobile091********* iPhone 12 64 GB 82% battery Call for more information
Used","Addis Ababa, Bole","This item with name phone with description 'Apple iPhone 12 64 GB Black Abel Mobile091********* iPhone 12 64 GB 82% battery Call for more information Used' has a price of ETB 42,500 and is located at Addis Ababa, Bole."
phone,"ETB 105,000","Apple iPhone 13 Pro Max 256 GB Green
Iphone 13pro Max Storage 256gb btry 99 BoleCall/
Refurbished
6.1 > inches","Addis Ababa, Bole","This item with name phone with description 'Apple iPhone 13 Pro Max 256 GB Green Iphone 13pro Max Storage 256gb btry 99 BoleCall/ Refurbished 6.1 > inches' has a price of ETB 105,000 and is located at Addis Ababa, Bole."
phone,"ETB 46,000","New Nothing Phone 1 256 GB Black
Brand new fully packed with box
Brand New","Addis Ababa, Bole","This item with name phone with description 'New Nothing Phone 1 256 GB Black Brand new fully packed with box Brand New' has a price of ETB 46,000 and is located at Addis Ababa, Bole."
phone,"ETB 84,000","New Apple iPhone 14 Pro 256 GB Purple
ስልክ እንገዛለን ፤ ስልክ እንሸጣለን ፤ ስልክ እንቀይራለን! (NAHU ሞባይል098********* IPhone 14 pro Battery...
Brand New","Addis Ababa, Bole","This item with name phone with description 'New Apple iPhone 14 Pro 256 GB Purple ስልክ እንገዛለን ፤ ስልክ እንሸጣለን ፤ ስልክ እንቀይራለን! (NAHU ሞባይል098********* IPhone 14 pro Battery... Brand New' has a price of ETB 84,000 and is located at Addis Ababa, Bole."
phone,"ETB 62,999","Apple iPhone 13 128 GB Blue
iPhone 13 128GB Battery Above 85% 1year warranty (ከ1 ዓመት ዋስትና ጋር) አድራሻ:-ቦሌ ት/ቤት ፊት ለፊት አለምነሽ ኘላዛ...
Used
4 GB","Addis Ababa, Bole","This item with name phone with description 'Apple iPhone 13 128 GB Blue iPhone 13 128GB Battery Above 85% 1year warranty (ከ1 ዓመት ዋስትና ጋር) አድራሻ:-ቦሌ ት/ቤት ፊት ለፊት አለምነሽ ኘላዛ... Used 4 GB' has a price of ETB 62,999 and is located at Addis Ababa, Bole."
phone,"ETB 49,999","Apple iPhone 13 128 GB Blue
iPhone 13 128G Blue Color Turbo SIM card New Condition Battery health 90% Fully Warranty...
Used
5.1-6 inches","Addis Ababa, Bole","This item with name phone with description 'Apple iPhone 13 128 GB Blue iPhone 13 128G Blue Color Turbo SIM card New Condition Battery health 90% Fully Warranty... Used 5.1-6 inches' has a price of ETB 49,999 and is located at Addis Ababa, Bole."
phone,"ETB 32,000","New Apple iPhone 11 128 GB White
ስልክ እንገዛለን ፤ ስልክ እንሸጣለን ፤ ስልክ እንቀይራለን! (NAHU ሞባይል IPhone 11 Battery 89% Storage 64GB available...
Brand New","Addis Ababa, Bole","This item with name phone with description 'New Apple iPhone 11 128 GB White ስልክ እንገዛለን ፤ ስልክ እንሸጣለን ፤ ስልክ እንቀይራለን! (NAHU ሞባይል IPhone 11 Battery 89% Storage 64GB available... Brand New' has a price of ETB 32,000 and is located at Addis Ababa, Bole."
phone,"ETB 37,499","Apple iPhone 11 128 GB Black
-iPhone 11 128Gb Battery health 87% Fully warranty Contact us
Used","Addis Ababa, Bole","This item with name phone with description 'Apple iPhone 11 128 GB Black -iPhone 11 128Gb Battery health 87% Fully warranty Contact us Used' has a price of ETB 37,499 and is located at Addis Ababa, Bole."
phone,"ETB 56,800","Apple iPhone 13 128 GB Black
Iphone 13 128Gb Slightly Used Color - Black Storage - 128gb Battery Health - 87% Inbox ...
Used","Addis Ababa, Bole","This item with name phone with description 'Apple iPhone 13 128 GB Black Iphone 13 128Gb Slightly Used Color - Black Storage - 128gb Battery Health - 87% Inbox ... Used' has a price of ETB 56,800 and is located at Addis Ababa, Bole."
phone,"ETB 62,000","Apple iPhone 12 Pro Max 128 GB Blue
IPhone 12 Pro Max 128 GB Battery 95% Blue color
Used","Addis Ababa, Bole","This item with name phone with description 'Apple iPhone 12 Pro Max 128 GB Blue IPhone 12 Pro Max 128 GB Battery 95% Blue color Used' has a price of ETB 62,000 and is located at Addis Ababa, Bole."
phone,"ETB 26,999","Apple iPhone XS Max 64 GB Gold
ስልክ እንገዛለን ፤ ስልክ እንሸጣለን ፤ ስልክ እንቀይራለን! iPhone Xsmax 64GBBattery above 85% 1year warranty (ከ1 ዓመት...
Used","Addis Ababa, Bole","This item with name phone with description 'Apple iPhone XS Max 64 GB Gold ስልክ እንገዛለን ፤ ስልክ እንሸጣለን ፤ ስልክ እንቀይራለን! iPhone Xsmax 64GBBattery above 85% 1year warranty (ከ1 ዓመት... Used' has a price of ETB 26,999 and is located at Addis Ababa, Bole."
phone,"ETB 62,000","Apple iPhone 13 128 GB Blue
Iphone 13 128Gb Slightly Used Color - Blue Storage -128gb Battery Health - 89% Inbox Join...
Used","Addis Ababa, Bole","This item with name phone with description 'Apple iPhone 13 128 GB Blue Iphone 13 128Gb Slightly Used Color - Blue Storage -128gb Battery Health - 89% Inbox Join... Used' has a price of ETB 62,000 and is located at Addis Ababa, Bole."
phone,"ETB 65,999","Apple iPhone 14 256 GB White
IPhone 14 256G White color New Condition Battery Health 100% Fully Warranty
Used","Addis Ababa, Bole","This item with name phone with description 'Apple iPhone 14 256 GB White IPhone 14 256G White color New Condition Battery Health 100% Fully Warranty Used' has a price of ETB 65,999 and is located at Addis Ababa, Bole."
phone,"ETB 87,000","Apple iPhone 13 Pro 256 GB Blue
Iphone 13pro Storage 256gb Dual sim Out of box Price 87000 BoleCall/ join
Used","Addis Ababa, Bole","This item with name phone with description 'Apple iPhone 13 Pro 256 GB Blue Iphone 13pro Storage 256gb Dual sim Out of box Price 87000 BoleCall/ join Used' has a price of ETB 87,000 and is located at Addis Ababa, Bole."
phone,"ETB 46,999","Apple iPhone 11 Pro Max 64 GB Silver
iPhone 11Pro Max 64G Sliver Color New Condition Battery Health 85% Fully Warranty...
Used
5.1-6 inches","Addis Ababa, Bole","This item with name phone with description 'Apple iPhone 11 Pro Max 64 GB Silver iPhone 11Pro Max 64G Sliver Color New Condition Battery Health 85% Fully Warranty... Used 5.1-6 inches' has a price of ETB 46,999 and is located at Addis Ababa, Bole."
phone,"ETB 64,000","Apple iPhone 12 Pro Max 128 GB Blue
ሄኖክ ሞባይል . + . FULLY GUARANTEED IPHONE 13 PRO MAX 128GB 93% -Slightly Used New Condition -100%...
Used","Addis Ababa, Gullele","This item with name phone with description 'Apple iPhone 12 Pro Max 128 GB Blue ሄኖክ ሞባይል . + . FULLY GUARANTEED IPHONE 13 PRO MAX 128GB 93% -Slightly Used New Condition -100%... Used' has a price of ETB 64,000 and is located at Addis Ababa, Gullele."
phone,"ETB 67,000","Apple iPhone 14 256 GB Blue
Excellent condition with 100% battery health and cartoon.
Used","Addis Ababa, Bole","This item with name phone with description 'Apple iPhone 14 256 GB Blue Excellent condition with 100% battery health and cartoon. Used' has a price of ETB 67,000 and is located at Addis Ababa, Bole."
phone,"ETB 52,000","Apple iPhone 12 128 GB Green
Iphone 12 Storage 128gb Btry 89 Very clean Price 52,000 BoleCall/ join @ Http://
Used
5.1-6 inches","Addis Ababa, Bole","This item with name phone with description 'Apple iPhone 12 128 GB Green Iphone 12 Storage 128gb Btry 89 Very clean Price 52,000 BoleCall/ join @ Http:// Used 5.1-6 inches' has a price of ETB 52,000 and is located at Addis Ababa, Bole."
phone,"ETB 46,999","Apple iPhone 11 Pro Max 64 GB Silver
iPhone 11Pro Max 64G Sliver Color New Condition Battery Health 85% Fully Warranty...
Used
5.1-6 inches","Addis Ababa, Bole","This item with name phone with description 'Apple iPhone 11 Pro Max 64 GB Silver iPhone 11Pro Max 64G Sliver Color New Condition Battery Health 85% Fully Warranty... Used 5.1-6 inches' has a price of ETB 46,999 and is located at Addis Ababa, Bole."
phone,"ETB 67,999","Apple iPhone 12 Pro Max 128 GB
ስልክ እንገዛለን ፤ ስልክ እንሸጣለን ፤ ስልክ እንቀይራለን! IPHONE 12 PRO MAX128GB / Battery Above 85% 1year warranty (ከ1...
Used
4 GB","Addis Ababa, Bole","This item with name phone with description 'Apple iPhone 12 Pro Max 128 GB ስልክ እንገዛለን ፤ ስልክ እንሸጣለን ፤ ስልክ እንቀይራለን! IPHONE 12 PRO MAX128GB / Battery Above 85% 1year warranty (ከ1... Used 4 GB' has a price of ETB 67,999 and is located at Addis Ababa, Bole."
phone,"ETB 65,500","New Apple iPhone 13 Pro Max 128 GB Black
IPhone 13 Pro Max from USA Storage - 128gb Condition - Almost New Battery 100% NB: original...
Brand New","Addis Ababa, Bole","This item with name phone with description 'New Apple iPhone 13 Pro Max 128 GB Black IPhone 13 Pro Max from USA Storage - 128gb Condition - Almost New Battery 100% NB: original... Brand New' has a price of ETB 65,500 and is located at Addis Ababa, Bole."
phone,"ETB 62,000","Apple iPhone 12 Pro Max 128 GB Blue
IPhone 12 Pro Max 128 GB Battery 91% Colo28
Used","Addis Ababa, Bole","This item with name phone with description 'Apple iPhone 12 Pro Max 128 GB Blue IPhone 12 Pro Max 128 GB Battery 91% Colo28 Used' has a price of ETB 62,000 and is located at Addis Ababa, Bole."
phone,"ETB 82,000","Apple iPhone 13 Pro Max 256 GB Blue
Iphone 13promax 256gb price 82,000 092*********
Used","Addis Ababa, Bole","This item with name phone with description 'Apple iPhone 13 Pro Max 256 GB Blue Iphone 13promax 256gb price 82,000 092********* Used' has a price of ETB 82,000 and is located at Addis Ababa, Bole."
phone,"ETB 46,000","Apple iPhone 12 128 GB
IPhone 12 128 gb Excellent Condition
Used","Addis Ababa, Bole","This item with name phone with description 'Apple iPhone 12 128 GB IPhone 12 128 gb Excellent Condition Used' has a price of ETB 46,000 and is located at Addis Ababa, Bole."
phone,"ETB 83,000","New Apple iPhone 13 Pro Max 128 GB Gold
Iphone 13pro Max Storage 128gb btry 88 BoleCall/
Brand New","Addis Ababa, Bole","This item with name phone with description 'New Apple iPhone 13 Pro Max 128 GB Gold Iphone 13pro Max Storage 128gb btry 88 BoleCall/ Brand New' has a price of ETB 83,000 and is located at Addis Ababa, Bole."
phone,"ETB 84,000","New Apple iPhone 14 Plus 128 GB Black
New iPhone 14plus Storage 128gb Btry 100 Single sim+ ESIM
Brand New","Addis Ababa, Bole","This item with name phone with description 'New Apple iPhone 14 Plus 128 GB Black New iPhone 14plus Storage 128gb Btry 100 Single sim+ ESIM Brand New' has a price of ETB 84,000 and is located at Addis Ababa, Bole."
phone,"ETB 18,500","Apple iPhone SE (2020) 128 GB White
iPhone SE 2128GBBattery 84%White ስልክ እንገዛለን ፤ ስልክ እንሸጣለን ፤ ስልክ እንቀይራለን! 1year warranty (ከ1 ዓመት ዋስትና...
Used","Addis Ababa, Bole","This item with name phone with description 'Apple iPhone SE (2020) 128 GB White iPhone SE 2128GBBattery 84%White ስልክ እንገዛለን ፤ ስልክ እንሸጣለን ፤ ስልክ እንቀይራለን! 1year warranty (ከ1 ዓመት ዋስትና... Used' has a price of ETB 18,500 and is located at Addis Ababa, Bole."
phone,"ETB 92,000","New Apple iPhone 15 Plus 128 GB Black
Iphone 15plus out of box Storage 128gb Btry 98 Price 92,000 094*********
Brand New","Addis Ababa, Bole","This item with name phone with description 'New Apple iPhone 15 Plus 128 GB Black Iphone 15plus out of box Storage 128gb Btry 98 Price 92,000 094********* Brand New' has a price of ETB 92,000 and is located at Addis Ababa, Bole."
phone,"ETB 15,500","Apple iPhone X 64 GB Black
Israel electronics iPhone with one year warranty iPhone X Storage~~64GB BATTERY~~91% True tone...
Used","Addis Ababa, Bole","This item with name phone with description 'Apple iPhone X 64 GB Black Israel electronics iPhone with one year warranty iPhone X Storage~~64GB BATTERY~~91% True tone... Used' has a price of ETB 15,500 and is located at Addis Ababa, Bole."
phone,"ETB 15,800","New Samsung Galaxy A14 64 GB
Samsung Galaxy A14 Internal Storage 64GB Ram 6GB Dual Sim Battery 5000Mah 50MP (1080p) Brand New...
Brand New","Addis Ababa, Bole","This item with name phone with description 'New Samsung Galaxy A14 64 GB Samsung Galaxy A14 Internal Storage 64GB Ram 6GB Dual Sim Battery 5000Mah 50MP (1080p) Brand New... Brand New' has a price of ETB 15,800 and is located at Addis Ababa, Bole."
phone,"ETB 61,999","Apple iPhone 13 128 GB Pink
IPhone 13 128G Pink color New Condition Battery health 95% Fully Warranty Contact091********* /
Used","Addis Ababa, Bole","This item with name phone with description 'Apple iPhone 13 128 GB Pink IPhone 13 128G Pink color New Condition Battery health 95% Fully Warranty Contact091********* / Used' has a price of ETB 61,999 and is located at Addis Ababa, Bole."
phone,"ETB 61,499","Apple iPhone 13 128 GB Blue
-iPhone 13 128Gb Battery health 92% Fully warranty Contact us
Used","Addis Ababa, Bole","This item with name phone with description 'Apple iPhone 13 128 GB Blue -iPhone 13 128Gb Battery health 92% Fully warranty Contact us Used' has a price of ETB 61,499 and is located at Addis Ababa, Bole."
phone,"ETB 73,000","New Apple iPhone 14 128 GB Blue
IPhone 14 128GB Storage Midnight Color 100% Battery Health Excellent Condition
Brand New","Addis Ababa, Bole","This item with name phone with description 'New Apple iPhone 14 128 GB Blue IPhone 14 128GB Storage Midnight Color 100% Battery Health Excellent Condition Brand New' has a price of ETB 73,000 and is located at Addis Ababa, Bole."
phone,"ETB 80,000","Apple iPhone 13 Pro Max 128 GB Green
Iphone 13pro Max Storage 128gb Btry 88
Used","Addis Ababa, Bole","This item with name phone with description 'Apple iPhone 13 Pro Max 128 GB Green Iphone 13pro Max Storage 128gb Btry 88 Used' has a price of ETB 80,000 and is located at Addis Ababa, Bole."
phone,"ETB 51,000","New Apple iPhone 12 Pro 128 GB Purple
Iphone 12 pro Brand New Color - grey Storage - 128gb Battery Health - 100% Inbox Join...
Brand New","Addis Ababa, Bole","This item with name phone with description 'New Apple iPhone 12 Pro 128 GB Purple Iphone 12 pro Brand New Color - grey Storage - 128gb Battery Health - 100% Inbox Join... Brand New' has a price of ETB 51,000 and is located at Addis Ababa, Bole."
phone,"ETB 56,800","Apple iPhone 13 128 GB Black
Iphone 13 128Gb Slightly Used Color - Black Storage - 128gb Battery Health - 87% Inbox ...
Used","Addis Ababa, Bole","This item with name phone with description 'Apple iPhone 13 128 GB Black Iphone 13 128Gb Slightly Used Color - Black Storage - 128gb Battery Health - 87% Inbox ... Used' has a price of ETB 56,800 and is located at Addis Ababa, Bole."
phone,"ETB 80,000","Apple iPhone 13 Pro Max 128 GB Green
Iphone 13pro Max Storage 128gb Btry 88
Used","Addis Ababa, Bole","This item with name phone with description 'Apple iPhone 13 Pro Max 128 GB Green Iphone 13pro Max Storage 128gb Btry 88 Used' has a price of ETB 80,000 and is located at Addis Ababa, Bole."
phone,"ETB 71,500","Apple iPhone 13 Pro 128 GB
IPhone 13 Pro 128 GB Storage 87% battery With 1 year Warranty091*********
Used","Addis Ababa, Bole","This item with name phone with description 'Apple iPhone 13 Pro 128 GB IPhone 13 Pro 128 GB Storage 87% battery With 1 year Warranty091********* Used' has a price of ETB 71,500 and is located at Addis Ababa, Bole."
phone,"ETB 105,000","Apple iPhone 14 Pro Max 128 GB Black
Iphone 14 pro max 128Gb Slightly Used Color - Black Storage - 128gb Battery Health - 92% ...
Used","Addis Ababa, Bole","This item with name phone with description 'Apple iPhone 14 Pro Max 128 GB Black Iphone 14 pro max 128Gb Slightly Used Color - Black Storage - 128gb Battery Health - 92% ... Used' has a price of ETB 105,000 and is located at Addis Ababa, Bole."
phone,"ETB 33,999","Apple iPhone 11 128 GB Black
ስልክ እንገዛለን ፤ ስልክ እንሸጣለን ፤ ስልክ እንቀይራለን! (NAHU ሞባይል098********* IPhone 11 Battery 91% Storage ...
Used","Addis Ababa, Bole","This item with name phone with description 'Apple iPhone 11 128 GB Black ስልክ እንገዛለን ፤ ስልክ እንሸጣለን ፤ ስልክ እንቀይራለን! (NAHU ሞባይል098********* IPhone 11 Battery 91% Storage ... Used' has a price of ETB 33,999 and is located at Addis Ababa, Bole."
phone,"ETB 67,999","Apple iPhone 13 Pro 128 GB Green
IPhone 13Pro 128G Green Color New Condition Battery health 97% Fully Warranty Contact:- /
Used","Addis Ababa, Bole","This item with name phone with description 'Apple iPhone 13 Pro 128 GB Green IPhone 13Pro 128G Green Color New Condition Battery health 97% Fully Warranty Contact:- / Used' has a price of ETB 67,999 and is located at Addis Ababa, Bole."
phone,"ETB 64,000","Apple iPhone 12 Pro Max 128 GB Blue
ሄኖክ ሞባይል . + . FULLY GUARANTEED IPHONE 13 PRO MAX 128GB 93% -Slightly Used New Condition -100%...
Used","Addis Ababa, Gullele","This item with name phone with description 'Apple iPhone 12 Pro Max 128 GB Blue ሄኖክ ሞባይል . + . FULLY GUARANTEED IPHONE 13 PRO MAX 128GB 93% -Slightly Used New Condition -100%... Used' has a price of ETB 64,000 and is located at Addis Ababa, Gullele."
phone,"ETB 199,999","New Apple iPhone 16 Pro Max 256 GB Rose Gold
New ARRIVAL iPhone16, pro Max (New packed) for more 256G Storage #1Fone in the market Esim /...
Brand New","Addis Ababa, Bole","This item with name phone with description 'New Apple iPhone 16 Pro Max 256 GB Rose Gold New ARRIVAL iPhone16, pro Max (New packed) for more 256G Storage #1Fone in the market Esim /... Brand New' has a price of ETB 199,999 and is located at Addis Ababa, Bole."
phone,"ETB 34,500","Apple iPhone 12 128 GB Blue
#screen changed #battry changed
Used","Addis Ababa, Bole","This item with name phone with description 'Apple iPhone 12 128 GB Blue #screen changed #battry changed Used' has a price of ETB 34,500 and is located at Addis Ababa, Bole."
phone,"ETB 93,500","New Apple iPhone 15 128 GB Pink
IPhone 15 From USA Brand new
Brand New","Addis Ababa, Bole","This item with name phone with description 'New Apple iPhone 15 128 GB Pink IPhone 15 From USA Brand new Brand New' has a price of ETB 93,500 and is located at Addis Ababa, Bole."
phone,"ETB 54,000","New Apple iPhone 13 128 GB Blue
Iphone 13 128GB Apple A15 Bionic Processor 128GB storage Exchange available Address: Bole...
Brand New","Addis Ababa, Bole","This item with name phone with description 'New Apple iPhone 13 128 GB Blue Iphone 13 128GB Apple A15 Bionic Processor 128GB storage Exchange available Address: Bole... Brand New' has a price of ETB 54,000 and is located at Addis Ababa, Bole."
phone,"ETB 48,500","Apple iPhone 12 256 GB Blue
IPhone 12 256GB Storage Blue Color 96% Battery Health Very Good Condition
Used","Addis Ababa, Bole","This item with name phone with description 'Apple iPhone 12 256 GB Blue IPhone 12 256GB Storage Blue Color 96% Battery Health Very Good Condition Used' has a price of ETB 48,500 and is located at Addis Ababa, Bole."
phone,"ETB 63,000","Apple iPhone 12 Pro Max 128 GB Blue
IPhone 12 promax 128gb storage 91% battery
Used","Addis Ababa, Bole","This item with name phone with description 'Apple iPhone 12 Pro Max 128 GB Blue IPhone 12 promax 128gb storage 91% battery Used' has a price of ETB 63,000 and is located at Addis Ababa, Bole."
phone,"ETB 156,000","New Apple iPhone 15 Pro Max 256 GB Gold
IPhone15, pro Max (New packed) for more 256G , 512G #1Fone in the market Esim / Phiscal Sim...
Brand New","Addis Ababa, Bole","This item with name phone with description 'New Apple iPhone 15 Pro Max 256 GB Gold IPhone15, pro Max (New packed) for more 256G , 512G #1Fone in the market Esim / Phiscal Sim... Brand New' has a price of ETB 156,000 and is located at Addis Ababa, Bole."
phone,"ETB 54,000","Apple iPhone 11 Pro Max 256 GB Green
Iphone 11pro Max Storage 256gb Btry 83 Price094*********
Used
6.1 > inches","Addis Ababa, Bole","This item with name phone with description 'Apple iPhone 11 Pro Max 256 GB Green Iphone 11pro Max Storage 256gb Btry 83 Price094********* Used 6.1 > inches' has a price of ETB 54,000 and is located at Addis Ababa, Bole."
phone,"ETB 72,000","New Apple iPhone 13 128 GB Blue
አድራሻ- ቦሌ ት/ቤት ፊት ለፊት አለምነሽ ፕላዛ ሱ.ቁ-004 Call me
Brand New
6 GB","Addis Ababa, Bole","This item with name phone with description 'New Apple iPhone 13 128 GB Blue አድራሻ- ቦሌ ት/ቤት ፊት ለፊት አለምነሽ ፕላዛ ሱ.ቁ-004 Call me Brand New 6 GB' has a price of ETB 72,000 and is located at Addis Ababa, Bole."
phone,"ETB 37,000","Apple iPhone 12 mini 128 GB Blue
ስልክ እንገዛለን ፤ ስልክ እንሸጣለን ፤ ስልክ እንቀይራለን! IPhone 12 mini Battery 89% Storage 64GB Ram Color...
Used","Addis Ababa, Bole","This item with name phone with description 'Apple iPhone 12 mini 128 GB Blue ስልክ እንገዛለን ፤ ስልክ እንሸጣለን ፤ ስልክ እንቀይራለን! IPhone 12 mini Battery 89% Storage 64GB Ram Color... Used' has a price of ETB 37,000 and is located at Addis Ababa, Bole."
phone,"ETB 42,000","Apple iPhone 12 64 GB Black
ስልክ እንገዛለን ፤ ስልክ እንሸጣለን ፤ ስልክ እንቀይራለን! (NAHU ሞባይል098********* IPhone 12 Battery above 92%......
Used","Addis Ababa, Bole","This item with name phone with description 'Apple iPhone 12 64 GB Black ስልክ እንገዛለን ፤ ስልክ እንሸጣለን ፤ ስልክ እንቀይራለን! (NAHU ሞባይል098********* IPhone 12 Battery above 92%...... Used' has a price of ETB 42,000 and is located at Addis Ababa, Bole."
phone,"ETB 37,000","Apple iPhone 11 64 GB Black
IPhone 11 (almost new) dual sim iPhone 11 (64gb) dual sim almost new (original) 64gb color...
Used
6.1 > inches","Addis Ababa, Bole","This item with name phone with description 'Apple iPhone 11 64 GB Black IPhone 11 (almost new) dual sim iPhone 11 (64gb) dual sim almost new (original) 64gb color... Used 6.1 > inches' has a price of ETB 37,000 and is located at Addis Ababa, Bole."
phone,"ETB 158,000","New Apple iPhone 15 Pro Max 256 GB Silver
IPhone 15 pro max 256 GB Brand new Natural titanium color
Brand New","Addis Ababa, Bole","This item with name phone with description 'New Apple iPhone 15 Pro Max 256 GB Silver IPhone 15 pro max 256 GB Brand new Natural titanium color Brand New' has a price of ETB 158,000 and is located at Addis Ababa, Bole."
phone,"ETB 69,000","New Apple iPhone 13 128 GB Blue
Brand New iPhone 13 128GB Storage Blue Color Sealed for 73K only
Brand New","Addis Ababa, Bole","This item with name phone with description 'New Apple iPhone 13 128 GB Blue Brand New iPhone 13 128GB Storage Blue Color Sealed for 73K only Brand New' has a price of ETB 69,000 and is located at Addis Ababa, Bole."
phone,"ETB 41,000","Apple iPhone 12 128 GB Blue
Iphone 12 128gb Btry 80 BoleCall
Used","Addis Ababa, Bole","This item with name phone with description 'Apple iPhone 12 128 GB Blue Iphone 12 128gb Btry 80 BoleCall Used' has a price of ETB 41,000 and is located at Addis Ababa, Bole."
phone,"ETB 65,000","Apple iPhone 12 Pro Max 128 GB Gray
iPhone 12 pro max 128gb Battery 85% (company) Slightly used Graphite color Price only 65,500 Only...
Used
8 GB","Addis Ababa, Bole","This item with name phone with description 'Apple iPhone 12 Pro Max 128 GB Gray iPhone 12 pro max 128gb Battery 85% (company) Slightly used Graphite color Price only 65,500 Only... Used 8 GB' has a price of ETB 65,000 and is located at Addis Ababa, Bole."
phone,"ETB 115,000","New Apple iPhone 14 Pro Max 256 GB Purple
IPhone 14 Pro Max 256GB Storage Deep Purple Color American Version Sealed
Brand New","Addis Ababa, Bole","This item with name phone with description 'New Apple iPhone 14 Pro Max 256 GB Purple IPhone 14 Pro Max 256GB Storage Deep Purple Color American Version Sealed Brand New' has a price of ETB 115,000 and is located at Addis Ababa, Bole."
phone,"ETB 30,000","Apple iPhone 11 64 GB Purple
Iphone 11 Battery 90% Condition almost new Working face id
Used","Addis Ababa, Bole","This item with name phone with description 'Apple iPhone 11 64 GB Purple Iphone 11 Battery 90% Condition almost new Working face id Used' has a price of ETB 30,000 and is located at Addis Ababa, Bole."
